year,region,fertrate,china,after_treatment
1960,China,5.756,TRUE,FALSE
1961,China,5.905,TRUE,FALSE
1962,China,6.062,TRUE,FALSE
1963,China,6.206,TRUE,FALSE
1964,China,6.32,TRUE,FALSE
1965,China,6.385,TRUE,FALSE
1966,China,6.384,TRUE,FALSE
1967,China,6.316,TRUE,FALSE
1968,China,6.184,TRUE,FALSE
1969,China,5.986,TRUE,FALSE
1970,China,5.725,TRUE,FALSE
1971,China,5.403,TRUE,FALSE
1972,China,5.035,TRUE,TRUE
1973,China,4.643,TRUE,TRUE
1974,China,4.244,TRUE,TRUE
1975,China,3.859,TRUE,TRUE
1976,China,3.508,TRUE,TRUE
1977,China,3.2,TRUE,TRUE
1978,China,2.943,TRUE,TRUE
1979,China,2.745,TRUE,TRUE
1980,China,2.613,TRUE,TRUE
1981,China,2.547,TRUE,TRUE
1982,China,2.536,TRUE,TRUE
1983,China,2.561,TRUE,TRUE
1984,China,2.607,TRUE,TRUE
1985,China,2.65,TRUE,TRUE
1986,China,2.666,TRUE,TRUE
1987,China,2.643,TRUE,TRUE
1988,China,2.575,TRUE,TRUE
1989,China,2.46,TRUE,TRUE
1990,China,2.309,TRUE,TRUE
1991,China,2.14,TRUE,TRUE
1992,China,1.977,TRUE,TRUE
1993,China,1.838,TRUE,TRUE
1994,China,1.731,TRUE,TRUE
1995,China,1.66,TRUE,TRUE
1996,China,1.622,TRUE,TRUE
1997,China,1.605,TRUE,TRUE
1998,China,1.597,TRUE,TRUE
1999,China,1.595,TRUE,TRUE
2000,China,1.596,TRUE,TRUE
2001,China,1.597,TRUE,TRUE
2002,China,1.6,TRUE,TRUE
2003,China,1.604,TRUE,TRUE
2004,China,1.608,TRUE,TRUE
2005,China,1.612,TRUE,TRUE
2006,China,1.615,TRUE,TRUE
2007,China,1.617,TRUE,TRUE
2008,China,1.62,TRUE,TRUE
2009,China,1.623,TRUE,TRUE
2010,China,1.627,TRUE,TRUE
2011,China,1.632,TRUE,TRUE
2012,China,1.639,TRUE,TRUE
2013,China,1.647,TRUE,TRUE
2014,China,1.656,TRUE,TRUE
2015,China,1.665,TRUE,TRUE
2016,China,1.675,TRUE,FALSE
2017,China,1.683,TRUE,FALSE
2018,China,1.69,TRUE,FALSE
2019,China,1.696,TRUE,FALSE
1960,Vietnam,6.348,FALSE,FALSE
1961,Vietnam,6.392,FALSE,FALSE
1962,Vietnam,6.425,FALSE,FALSE
1963,Vietnam,6.448,FALSE,FALSE
1964,Vietnam,6.464,FALSE,FALSE
1965,Vietnam,6.475,FALSE,FALSE
1966,Vietnam,6.485,FALSE,FALSE
1967,Vietnam,6.493,FALSE,FALSE
1968,Vietnam,6.494,FALSE,FALSE
1969,Vietnam,6.487,FALSE,FALSE
1970,Vietnam,6.465,FALSE,FALSE
1971,Vietnam,6.421,FALSE,FALSE
1972,Vietnam,6.35,FALSE,FALSE
1973,Vietnam,6.251,FALSE,FALSE
1974,Vietnam,6.125,FALSE,FALSE
1975,Vietnam,5.973,FALSE,FALSE
1976,Vietnam,5.8,FALSE,FALSE
1977,Vietnam,5.614,FALSE,FALSE
1978,Vietnam,5.423,FALSE,FALSE
1979,Vietnam,5.232,FALSE,FALSE
1980,Vietnam,5.046,FALSE,FALSE
1981,Vietnam,4.865,FALSE,FALSE
1982,Vietnam,4.691,FALSE,FALSE
1983,Vietnam,4.521,FALSE,FALSE
1984,Vietnam,4.359,FALSE,FALSE
1985,Vietnam,4.205,FALSE,FALSE
1986,Vietnam,4.062,FALSE,FALSE
1987,Vietnam,3.929,FALSE,FALSE
1988,Vietnam,3.802,FALSE,FALSE
1989,Vietnam,3.68,FALSE,FALSE
1990,Vietnam,3.553,FALSE,FALSE
1991,Vietnam,3.415,FALSE,FALSE
1992,Vietnam,3.26,FALSE,FALSE
1993,Vietnam,3.089,FALSE,FALSE
1994,Vietnam,2.904,FALSE,FALSE
1995,Vietnam,2.714,FALSE,FALSE
1996,Vietnam,2.529,FALSE,FALSE
1997,Vietnam,2.359,FALSE,FALSE
1998,Vietnam,2.213,FALSE,FALSE
1999,Vietnam,2.096,FALSE,FALSE
2000,Vietnam,2.01,FALSE,FALSE
2001,Vietnam,1.954,FALSE,FALSE
2002,Vietnam,1.92,FALSE,FALSE
2003,Vietnam,1.901,FALSE,FALSE
2004,Vietnam,1.894,FALSE,FALSE
2005,Vietnam,1.894,FALSE,FALSE
2006,Vietnam,1.899,FALSE,FALSE
2007,Vietnam,1.907,FALSE,FALSE
2008,Vietnam,1.918,FALSE,FALSE
2009,Vietnam,1.928,FALSE,FALSE
2010,Vietnam,1.938,FALSE,FALSE
2011,Vietnam,1.949,FALSE,FALSE
2012,Vietnam,1.962,FALSE,FALSE
2013,Vietnam,1.978,FALSE,FALSE
2014,Vietnam,1.996,FALSE,FALSE
2015,Vietnam,2.014,FALSE,FALSE
2016,Vietnam,2.03,FALSE,FALSE
2017,Vietnam,2.042,FALSE,FALSE
2018,Vietnam,2.049,FALSE,FALSE
2019,Vietnam,2.05,FALSE,FALSE
1960,India,5.906,FALSE,FALSE
1961,India,5.902,FALSE,FALSE
1962,India,5.894,FALSE,FALSE
1963,India,5.88,FALSE,FALSE
1964,India,5.859,FALSE,FALSE
1965,India,5.83,FALSE,FALSE
1966,India,5.794,FALSE,FALSE
1967,India,5.751,FALSE,FALSE
1968,India,5.702,FALSE,FALSE
1969,India,5.648,FALSE,FALSE
1970,India,5.587,FALSE,FALSE
1971,India,5.519,FALSE,FALSE
1972,India,5.444,FALSE,FALSE
1973,India,5.363,FALSE,FALSE
1974,India,5.278,FALSE,FALSE
1975,India,5.192,FALSE,FALSE
1976,India,5.108,FALSE,FALSE
1977,India,5.029,FALSE,FALSE
1978,India,4.956,FALSE,FALSE
1979,India,4.889,FALSE,FALSE
1980,India,4.827,FALSE,FALSE
1981,India,4.766,FALSE,FALSE
1982,India,4.703,FALSE,FALSE
1983,India,4.636,FALSE,FALSE
1984,India,4.563,FALSE,FALSE
1985,India,4.484,FALSE,FALSE
1986,India,4.399,FALSE,FALSE
1987,India,4.311,FALSE,FALSE
1988,India,4.222,FALSE,FALSE
1989,India,4.132,FALSE,FALSE
1990,India,4.045,FALSE,FALSE
1991,India,3.959,FALSE,FALSE
1992,India,3.877,FALSE,FALSE
1993,India,3.799,FALSE,FALSE
1994,India,3.723,FALSE,FALSE
1995,India,3.651,FALSE,FALSE
1996,India,3.582,FALSE,FALSE
1997,India,3.514,FALSE,FALSE
1998,India,3.446,FALSE,FALSE
1999,India,3.379,FALSE,FALSE
2000,India,3.311,FALSE,FALSE
2001,India,3.244,FALSE,FALSE
2002,India,3.176,FALSE,FALSE
2003,India,3.109,FALSE,FALSE
2004,India,3.041,FALSE,FALSE
2005,India,2.972,FALSE,FALSE
2006,India,2.899,FALSE,FALSE
2007,India,2.823,FALSE,FALSE
2008,India,2.743,FALSE,FALSE
2009,India,2.661,FALSE,FALSE
2010,India,2.581,FALSE,FALSE
2011,India,2.506,FALSE,FALSE
2012,India,2.439,FALSE,FALSE
2013,India,2.381,FALSE,FALSE
2014,India,2.333,FALSE,FALSE
2015,India,2.295,FALSE,FALSE
2016,India,2.266,FALSE,FALSE
2017,India,2.243,FALSE,FALSE
2018,India,2.222,FALSE,FALSE
2019,India,2.202,FALSE,FALSE
1960,United States,3.654,FALSE,FALSE
1961,United States,3.62,FALSE,FALSE
1962,United States,3.461,FALSE,FALSE
1963,United States,3.319,FALSE,FALSE
1964,United States,3.19,FALSE,FALSE
1965,United States,2.913,FALSE,FALSE
1966,United States,2.721,FALSE,FALSE
1967,United States,2.558,FALSE,FALSE
1968,United States,2.464,FALSE,FALSE
1969,United States,2.456,FALSE,FALSE
1970,United States,2.48,FALSE,FALSE
1971,United States,2.266,FALSE,FALSE
1972,United States,2.01,FALSE,FALSE
1973,United States,1.879,FALSE,FALSE
1974,United States,1.835,FALSE,FALSE
1975,United States,1.774,FALSE,FALSE
1976,United States,1.738,FALSE,FALSE
1977,United States,1.79,FALSE,FALSE
1978,United States,1.76,FALSE,FALSE
1979,United States,1.808,FALSE,FALSE
1980,United States,1.8395,FALSE,FALSE
1981,United States,1.812,FALSE,FALSE
1982,United States,1.8275,FALSE,FALSE
1983,United States,1.799,FALSE,FALSE
1984,United States,1.8065,FALSE,FALSE
1985,United States,1.844,FALSE,FALSE
1986,United States,1.8375,FALSE,FALSE
1987,United States,1.872,FALSE,FALSE
1988,United States,1.934,FALSE,FALSE
1989,United States,2.014,FALSE,FALSE
1990,United States,2.081,FALSE,FALSE
1991,United States,2.0625,FALSE,FALSE
1992,United States,2.046,FALSE,FALSE
1993,United States,2.0195,FALSE,FALSE
1994,United States,2.0015,FALSE,FALSE
1995,United States,1.978,FALSE,FALSE
1996,United States,1.976,FALSE,FALSE
1997,United States,1.971,FALSE,FALSE
1998,United States,1.999,FALSE,FALSE
1999,United States,2.0075,FALSE,FALSE
2000,United States,2.056,FALSE,FALSE
2001,United States,2.0305,FALSE,FALSE
2002,United States,2.0205,FALSE,FALSE
2003,United States,2.0475,FALSE,FALSE
2004,United States,2.0515,FALSE,FALSE
2005,United States,2.057,FALSE,FALSE
2006,United States,2.108,FALSE,FALSE
2007,United States,2.12,FALSE,FALSE
2008,United States,2.072,FALSE,FALSE
2009,United States,2.002,FALSE,FALSE
2010,United States,1.931,FALSE,FALSE
2011,United States,1.8945,FALSE,FALSE
2012,United States,1.8805,FALSE,FALSE
2013,United States,1.8575,FALSE,FALSE
2014,United States,1.8625,FALSE,FALSE
2015,United States,1.8435,FALSE,FALSE
2016,United States,1.8205,FALSE,FALSE
2017,United States,1.7655,FALSE,FALSE
2018,United States,1.7295,FALSE,FALSE
2019,United States,1.705,FALSE,FALSE
1960,Indonesia,5.666,FALSE,FALSE
1961,Indonesia,5.656,FALSE,FALSE
1962,Indonesia,5.645,FALSE,FALSE
1963,Indonesia,5.634,FALSE,FALSE
1964,Indonesia,5.623,FALSE,FALSE
1965,Indonesia,5.612,FALSE,FALSE
1966,Indonesia,5.599,FALSE,FALSE
1967,Indonesia,5.582,FALSE,FALSE
1968,Indonesia,5.556,FALSE,FALSE
1969,Indonesia,5.521,FALSE,FALSE
1970,Indonesia,5.474,FALSE,FALSE
1971,Indonesia,5.413,FALSE,FALSE
1972,Indonesia,5.338,FALSE,FALSE
1973,Indonesia,5.251,FALSE,FALSE
1974,Indonesia,5.152,FALSE,FALSE
1975,Indonesia,5.043,FALSE,FALSE
1976,Indonesia,4.927,FALSE,FALSE
1977,Indonesia,4.806,FALSE,FALSE
1978,Indonesia,4.682,FALSE,FALSE
1979,Indonesia,4.557,FALSE,FALSE
1980,Indonesia,4.43,FALSE,FALSE
1981,Indonesia,4.301,FALSE,FALSE
1982,Indonesia,4.167,FALSE,FALSE
1983,Indonesia,4.028,FALSE,FALSE
1984,Indonesia,3.887,FALSE,FALSE
1985,Indonesia,3.745,FALSE,FALSE
1986,Indonesia,3.606,FALSE,FALSE
1987,Indonesia,3.472,FALSE,FALSE
1988,Indonesia,3.346,FALSE,FALSE
1989,Indonesia,3.229,FALSE,FALSE
1990,Indonesia,3.122,FALSE,FALSE
1991,Indonesia,3.022,FALSE,FALSE
1992,Indonesia,2.929,FALSE,FALSE
1993,Indonesia,2.842,FALSE,FALSE
1994,Indonesia,2.761,FALSE,FALSE
1995,Indonesia,2.688,FALSE,FALSE
1996,Indonesia,2.627,FALSE,FALSE
1997,Indonesia,2.579,FALSE,FALSE
1998,Indonesia,2.544,FALSE,FALSE
1999,Indonesia,2.523,FALSE,FALSE
2000,Indonesia,2.512,FALSE,FALSE
2001,Indonesia,2.509,FALSE,FALSE
2002,Indonesia,2.511,FALSE,FALSE
2003,Indonesia,2.513,FALSE,FALSE
2004,Indonesia,2.515,FALSE,FALSE
2005,Indonesia,2.514,FALSE,FALSE
2006,Indonesia,2.51,FALSE,FALSE
2007,Indonesia,2.505,FALSE,FALSE
2008,Indonesia,2.499,FALSE,FALSE
2009,Indonesia,2.492,FALSE,FALSE
2010,Indonesia,2.483,FALSE,FALSE
2011,Indonesia,2.471,FALSE,FALSE
2012,Indonesia,2.455,FALSE,FALSE
2013,Indonesia,2.436,FALSE,FALSE
2014,Indonesia,2.413,FALSE,FALSE
2015,Indonesia,2.389,FALSE,FALSE
2016,Indonesia,2.362,FALSE,FALSE
2017,Indonesia,2.336,FALSE,FALSE
2018,Indonesia,2.311,FALSE,FALSE
2019,Indonesia,2.288,FALSE,FALSE
1960,Pakistan,6.6,FALSE,FALSE
1961,Pakistan,6.6,FALSE,FALSE
1962,Pakistan,6.6,FALSE,FALSE
1963,Pakistan,6.6,FALSE,FALSE
1964,Pakistan,6.6,FALSE,FALSE
1965,Pakistan,6.6,FALSE,FALSE
1966,Pakistan,6.6,FALSE,FALSE
1967,Pakistan,6.6,FALSE,FALSE
1968,Pakistan,6.6,FALSE,FALSE
1969,Pakistan,6.6,FALSE,FALSE
1970,Pakistan,6.601,FALSE,FALSE
1971,Pakistan,6.602,FALSE,FALSE
1972,Pakistan,6.605,FALSE,FALSE
1973,Pakistan,6.608,FALSE,FALSE
1974,Pakistan,6.611,FALSE,FALSE
1975,Pakistan,6.612,FALSE,FALSE
1976,Pakistan,6.608,FALSE,FALSE
1977,Pakistan,6.599,FALSE,FALSE
1978,Pakistan,6.583,FALSE,FALSE
1979,Pakistan,6.561,FALSE,FALSE
1980,Pakistan,6.534,FALSE,FALSE
1981,Pakistan,6.504,FALSE,FALSE
1982,Pakistan,6.474,FALSE,FALSE
1983,Pakistan,6.444,FALSE,FALSE
1984,Pakistan,6.415,FALSE,FALSE
1985,Pakistan,6.385,FALSE,FALSE
1986,Pakistan,6.354,FALSE,FALSE
1987,Pakistan,6.318,FALSE,FALSE
1988,Pakistan,6.276,FALSE,FALSE
1989,Pakistan,6.225,FALSE,FALSE
1990,Pakistan,6.164,FALSE,FALSE
1991,Pakistan,6.091,FALSE,FALSE
1992,Pakistan,6.007,FALSE,FALSE
1993,Pakistan,5.912,FALSE,FALSE
1994,Pakistan,5.808,FALSE,FALSE
1995,Pakistan,5.694,FALSE,FALSE
1996,Pakistan,5.571,FALSE,FALSE
1997,Pakistan,5.442,FALSE,FALSE
1998,Pakistan,5.308,FALSE,FALSE
1999,Pakistan,5.172,FALSE,FALSE
2000,Pakistan,5.037,FALSE,FALSE
2001,Pakistan,4.904,FALSE,FALSE
2002,Pakistan,4.774,FALSE,FALSE
2003,Pakistan,4.648,FALSE,FALSE
2004,Pakistan,4.528,FALSE,FALSE
2005,Pakistan,4.416,FALSE,FALSE
2006,Pakistan,4.31,FALSE,FALSE
2007,Pakistan,4.211,FALSE,FALSE
2008,Pakistan,4.118,FALSE,FALSE
2009,Pakistan,4.031,FALSE,FALSE
2010,Pakistan,3.951,FALSE,FALSE
2011,Pakistan,3.88,FALSE,FALSE
2012,Pakistan,3.816,FALSE,FALSE
2013,Pakistan,3.759,FALSE,FALSE
2014,Pakistan,3.708,FALSE,FALSE
2015,Pakistan,3.66,FALSE,FALSE
2016,Pakistan,3.612,FALSE,FALSE
2017,Pakistan,3.562,FALSE,FALSE
2018,Pakistan,3.51,FALSE,FALSE
2019,Pakistan,3.454,FALSE,FALSE
1960,Brazil,6.061,FALSE,FALSE
1961,Brazil,6.031,FALSE,FALSE
1962,Brazil,5.981,FALSE,FALSE
1963,Brazil,5.91,FALSE,FALSE
1964,Brazil,5.818,FALSE,FALSE
1965,Brazil,5.703,FALSE,FALSE
1966,Brazil,5.57,FALSE,FALSE
1967,Brazil,5.424,FALSE,FALSE
1968,Brazil,5.272,FALSE,FALSE
1969,Brazil,5.12,FALSE,FALSE
1970,Brazil,4.972,FALSE,FALSE
1971,Brazil,4.836,FALSE,FALSE
1972,Brazil,4.712,FALSE,FALSE
1973,Brazil,4.6,FALSE,FALSE
1974,Brazil,4.502,FALSE,FALSE
1975,Brazil,4.415,FALSE,FALSE
1976,Brazil,4.339,FALSE,FALSE
1977,Brazil,4.267,FALSE,FALSE
1978,Brazil,4.195,FALSE,FALSE
1979,Brazil,4.12,FALSE,FALSE
1980,Brazil,4.037,FALSE,FALSE
1981,Brazil,3.943,FALSE,FALSE
1982,Brazil,3.838,FALSE,FALSE
1983,Brazil,3.723,FALSE,FALSE
1984,Brazil,3.6,FALSE,FALSE
1985,Brazil,3.471,FALSE,FALSE
1986,Brazil,3.342,FALSE,FALSE
1987,Brazil,3.217,FALSE,FALSE
1988,Brazil,3.101,FALSE,FALSE
1989,Brazil,2.995,FALSE,FALSE
1990,Brazil,2.902,FALSE,FALSE
1991,Brazil,2.822,FALSE,FALSE
1992,Brazil,2.754,FALSE,FALSE
1993,Brazil,2.693,FALSE,FALSE
1994,Brazil,2.639,FALSE,FALSE
1995,Brazil,2.588,FALSE,FALSE
1996,Brazil,2.536,FALSE,FALSE
1997,Brazil,2.483,FALSE,FALSE
1998,Brazil,2.426,FALSE,FALSE
1999,Brazil,2.365,FALSE,FALSE
2000,Brazil,2.3,FALSE,FALSE
2001,Brazil,2.232,FALSE,FALSE
2002,Brazil,2.163,FALSE,FALSE
2003,Brazil,2.097,FALSE,FALSE
2004,Brazil,2.033,FALSE,FALSE
2005,Brazil,1.976,FALSE,FALSE
2006,Brazil,1.925,FALSE,FALSE
2007,Brazil,1.882,FALSE,FALSE
2008,Brazil,1.847,FALSE,FALSE
2009,Brazil,1.818,FALSE,FALSE
2010,Brazil,1.796,FALSE,FALSE
2011,Brazil,1.781,FALSE,FALSE
2012,Brazil,1.771,FALSE,FALSE
2013,Brazil,1.764,FALSE,FALSE
2014,Brazil,1.758,FALSE,FALSE
2015,Brazil,1.753,FALSE,FALSE
2016,Brazil,1.747,FALSE,FALSE
2017,Brazil,1.739,FALSE,FALSE
2018,Brazil,1.73,FALSE,FALSE
2019,Brazil,1.719,FALSE,FALSE
1960,Nigeria,6.354,FALSE,FALSE
1961,Nigeria,6.351,FALSE,FALSE
1962,Nigeria,6.346,FALSE,FALSE
1963,Nigeria,6.341,FALSE,FALSE
1964,Nigeria,6.336,FALSE,FALSE
1965,Nigeria,6.335,FALSE,FALSE
1966,Nigeria,6.342,FALSE,FALSE
1967,Nigeria,6.359,FALSE,FALSE
1968,Nigeria,6.387,FALSE,FALSE
1969,Nigeria,6.425,FALSE,FALSE
1970,Nigeria,6.471,FALSE,FALSE
1971,Nigeria,6.522,FALSE,FALSE
1972,Nigeria,6.575,FALSE,FALSE
1973,Nigeria,6.625,FALSE,FALSE
1974,Nigeria,6.669,FALSE,FALSE
1975,Nigeria,6.706,FALSE,FALSE
1976,Nigeria,6.735,FALSE,FALSE
1977,Nigeria,6.757,FALSE,FALSE
1978,Nigeria,6.772,FALSE,FALSE
1979,Nigeria,6.781,FALSE,FALSE
1980,Nigeria,6.783,FALSE,FALSE
1981,Nigeria,6.779,FALSE,FALSE
1982,Nigeria,6.767,FALSE,FALSE
1983,Nigeria,6.749,FALSE,FALSE
1984,Nigeria,6.726,FALSE,FALSE
1985,Nigeria,6.698,FALSE,FALSE
1986,Nigeria,6.664,FALSE,FALSE
1987,Nigeria,6.625,FALSE,FALSE
1988,Nigeria,6.582,FALSE,FALSE
1989,Nigeria,6.537,FALSE,FALSE
1990,Nigeria,6.49,FALSE,FALSE
1991,Nigeria,6.443,FALSE,FALSE
1992,Nigeria,6.395,FALSE,FALSE
1993,Nigeria,6.348,FALSE,FALSE
1994,Nigeria,6.303,FALSE,FALSE
1995,Nigeria,6.262,FALSE,FALSE
1996,Nigeria,6.224,FALSE,FALSE
1997,Nigeria,6.19,FALSE,FALSE
1998,Nigeria,6.159,FALSE,FALSE
1999,Nigeria,6.131,FALSE,FALSE
2000,Nigeria,6.106,FALSE,FALSE
2001,Nigeria,6.083,FALSE,FALSE
2002,Nigeria,6.06,FALSE,FALSE
2003,Nigeria,6.036,FALSE,FALSE
2004,Nigeria,6.011,FALSE,FALSE
2005,Nigeria,5.985,FALSE,FALSE
2006,Nigeria,5.958,FALSE,FALSE
2007,Nigeria,5.93,FALSE,FALSE
2008,Nigeria,5.902,FALSE,FALSE
2009,Nigeria,5.872,FALSE,FALSE
2010,Nigeria,5.839,FALSE,FALSE
2011,Nigeria,5.802,FALSE,FALSE
2012,Nigeria,5.758,FALSE,FALSE
2013,Nigeria,5.709,FALSE,FALSE
2014,Nigeria,5.653,FALSE,FALSE
2015,Nigeria,5.592,FALSE,FALSE
2016,Nigeria,5.526,FALSE,FALSE
2017,Nigeria,5.457,FALSE,FALSE
2018,Nigeria,5.387,FALSE,FALSE
2019,Nigeria,5.317,FALSE,FALSE
1960,Bangladesh,6.725,FALSE,FALSE
1961,Bangladesh,6.761,FALSE,FALSE
1962,Bangladesh,6.794,FALSE,FALSE
1963,Bangladesh,6.825,FALSE,FALSE
1964,Bangladesh,6.853,FALSE,FALSE
1965,Bangladesh,6.878,FALSE,FALSE
1966,Bangladesh,6.901,FALSE,FALSE
1967,Bangladesh,6.92,FALSE,FALSE
1968,Bangladesh,6.935,FALSE,FALSE
1969,Bangladesh,6.945,FALSE,FALSE
1970,Bangladesh,6.947,FALSE,FALSE
1971,Bangladesh,6.942,FALSE,FALSE
1972,Bangladesh,6.928,FALSE,FALSE
1973,Bangladesh,6.904,FALSE,FALSE
1974,Bangladesh,6.869,FALSE,FALSE
1975,Bangladesh,6.821,FALSE,FALSE
1976,Bangladesh,6.758,FALSE,FALSE
1977,Bangladesh,6.681,FALSE,FALSE
1978,Bangladesh,6.59,FALSE,FALSE
1979,Bangladesh,6.483,FALSE,FALSE
1980,Bangladesh,6.359,FALSE,FALSE
1981,Bangladesh,6.217,FALSE,FALSE
1982,Bangladesh,6.058,FALSE,FALSE
1983,Bangladesh,5.884,FALSE,FALSE
1984,Bangladesh,5.698,FALSE,FALSE
1985,Bangladesh,5.501,FALSE,FALSE
1986,Bangladesh,5.298,FALSE,FALSE
1987,Bangladesh,5.092,FALSE,FALSE
1988,Bangladesh,4.887,FALSE,FALSE
1989,Bangladesh,4.686,FALSE,FALSE
1990,Bangladesh,4.495,FALSE,FALSE
1991,Bangladesh,4.315,FALSE,FALSE
1992,Bangladesh,4.146,FALSE,FALSE
1993,Bangladesh,3.99,FALSE,FALSE
1994,Bangladesh,3.846,FALSE,FALSE
1995,Bangladesh,3.713,FALSE,FALSE
1996,Bangladesh,3.591,FALSE,FALSE
1997,Bangladesh,3.478,FALSE,FALSE
1998,Bangladesh,3.371,FALSE,FALSE
1999,Bangladesh,3.269,FALSE,FALSE
2000,Bangladesh,3.169,FALSE,FALSE
2001,Bangladesh,3.07,FALSE,FALSE
2002,Bangladesh,2.973,FALSE,FALSE
2003,Bangladesh,2.876,FALSE,FALSE
2004,Bangladesh,2.782,FALSE,FALSE
2005,Bangladesh,2.691,FALSE,FALSE
2006,Bangladesh,2.604,FALSE,FALSE
2007,Bangladesh,2.523,FALSE,FALSE
2008,Bangladesh,2.449,FALSE,FALSE
2009,Bangladesh,2.382,FALSE,FALSE
2010,Bangladesh,2.324,FALSE,FALSE
2011,Bangladesh,2.273,FALSE,FALSE
2012,Bangladesh,2.228,FALSE,FALSE
2013,Bangladesh,2.188,FALSE,FALSE
2014,Bangladesh,2.152,FALSE,FALSE
2015,Bangladesh,2.12,FALSE,FALSE
2016,Bangladesh,2.09,FALSE,FALSE
2017,Bangladesh,2.062,FALSE,FALSE
2018,Bangladesh,2.036,FALSE,FALSE
2019,Bangladesh,2.011,FALSE,FALSE
1960,Russian Federation,2.52,FALSE,FALSE
1961,Russian Federation,2.45,FALSE,FALSE
1962,Russian Federation,2.36,FALSE,FALSE
1963,Russian Federation,2.27,FALSE,FALSE
1964,Russian Federation,2.18,FALSE,FALSE
1965,Russian Federation,2.13,FALSE,FALSE
1966,Russian Federation,2.1,FALSE,FALSE
1967,Russian Federation,2.04,FALSE,FALSE
1968,Russian Federation,1.99,FALSE,FALSE
1969,Russian Federation,1.97,FALSE,FALSE
1970,Russian Federation,1.99,FALSE,FALSE
1971,Russian Federation,2.03,FALSE,FALSE
1972,Russian Federation,2.04,FALSE,FALSE
1973,Russian Federation,2.01,FALSE,FALSE
1974,Russian Federation,2,FALSE,FALSE
1975,Russian Federation,1.98,FALSE,FALSE
1976,Russian Federation,1.97,FALSE,FALSE
1977,Russian Federation,1.95,FALSE,FALSE
1978,Russian Federation,1.92,FALSE,FALSE
1979,Russian Federation,1.9,FALSE,FALSE
1980,Russian Federation,1.89,FALSE,FALSE
1981,Russian Federation,1.91,FALSE,FALSE
1982,Russian Federation,2.04,FALSE,FALSE
1983,Russian Federation,2.11,FALSE,FALSE
1984,Russian Federation,2.06,FALSE,FALSE
1985,Russian Federation,2.05,FALSE,FALSE
1986,Russian Federation,2.15,FALSE,FALSE
1987,Russian Federation,2.22,FALSE,FALSE
1988,Russian Federation,2.12,FALSE,FALSE
1989,Russian Federation,2.01,FALSE,FALSE
1990,Russian Federation,1.892,FALSE,FALSE
1991,Russian Federation,1.732,FALSE,FALSE
1992,Russian Federation,1.552,FALSE,FALSE
1993,Russian Federation,1.385,FALSE,FALSE
1994,Russian Federation,1.4,FALSE,FALSE
1995,Russian Federation,1.337,FALSE,FALSE
1996,Russian Federation,1.27,FALSE,FALSE
1997,Russian Federation,1.218,FALSE,FALSE
1998,Russian Federation,1.232,FALSE,FALSE
1999,Russian Federation,1.157,FALSE,FALSE
2000,Russian Federation,1.195,FALSE,FALSE
2001,Russian Federation,1.223,FALSE,FALSE
2002,Russian Federation,1.286,FALSE,FALSE
2003,Russian Federation,1.319,FALSE,FALSE
2004,Russian Federation,1.344,FALSE,FALSE
2005,Russian Federation,1.294,FALSE,FALSE
2006,Russian Federation,1.305,FALSE,FALSE
2007,Russian Federation,1.416,FALSE,FALSE
2008,Russian Federation,1.502,FALSE,FALSE
2009,Russian Federation,1.542,FALSE,FALSE
2010,Russian Federation,1.567,FALSE,FALSE
2011,Russian Federation,1.582,FALSE,FALSE
2012,Russian Federation,1.691,FALSE,FALSE
2013,Russian Federation,1.707,FALSE,FALSE
2014,Russian Federation,1.75,FALSE,FALSE
2015,Russian Federation,1.777,FALSE,FALSE
2016,Russian Federation,1.762,FALSE,FALSE
2017,Russian Federation,1.621,FALSE,FALSE
2018,Russian Federation,1.579,FALSE,FALSE
2019,Russian Federation,1.504,FALSE,FALSE
1960,Mexico,6.769,FALSE,FALSE
1961,Mexico,6.768,FALSE,FALSE
1962,Mexico,6.77,FALSE,FALSE
1963,Mexico,6.775,FALSE,FALSE
1964,Mexico,6.78,FALSE,FALSE
1965,Mexico,6.783,FALSE,FALSE
1966,Mexico,6.779,FALSE,FALSE
1967,Mexico,6.764,FALSE,FALSE
1968,Mexico,6.734,FALSE,FALSE
1969,Mexico,6.684,FALSE,FALSE
1970,Mexico,6.611,FALSE,FALSE
1971,Mexico,6.51,FALSE,FALSE
1972,Mexico,6.382,FALSE,FALSE
1973,Mexico,6.23,FALSE,FALSE
1974,Mexico,6.057,FALSE,FALSE
1975,Mexico,5.866,FALSE,FALSE
1976,Mexico,5.661,FALSE,FALSE
1977,Mexico,5.448,FALSE,FALSE
1978,Mexico,5.234,FALSE,FALSE
1979,Mexico,5.024,FALSE,FALSE
1980,Mexico,4.823,FALSE,FALSE
1981,Mexico,4.636,FALSE,FALSE
1982,Mexico,4.463,FALSE,FALSE
1983,Mexico,4.304,FALSE,FALSE
1984,Mexico,4.158,FALSE,FALSE
1985,Mexico,4.026,FALSE,FALSE
1986,Mexico,3.904,FALSE,FALSE
1987,Mexico,3.79,FALSE,FALSE
1988,Mexico,3.68,FALSE,FALSE
1989,Mexico,3.574,FALSE,FALSE
1990,Mexico,3.47,FALSE,FALSE
1991,Mexico,3.369,FALSE,FALSE
1992,Mexico,3.273,FALSE,FALSE
1993,Mexico,3.182,FALSE,FALSE
1994,Mexico,3.097,FALSE,FALSE
1995,Mexico,3.018,FALSE,FALSE
1996,Mexico,2.946,FALSE,FALSE
1997,Mexico,2.88,FALSE,FALSE
1998,Mexico,2.821,FALSE,FALSE
1999,Mexico,2.766,FALSE,FALSE
2000,Mexico,2.716,FALSE,FALSE
2001,Mexico,2.669,FALSE,FALSE
2002,Mexico,2.623,FALSE,FALSE
2003,Mexico,2.579,FALSE,FALSE
2004,Mexico,2.536,FALSE,FALSE
2005,Mexico,2.495,FALSE,FALSE
2006,Mexico,2.456,FALSE,FALSE
2007,Mexico,2.421,FALSE,FALSE
2008,Mexico,2.391,FALSE,FALSE
2009,Mexico,2.364,FALSE,FALSE
2010,Mexico,2.34,FALSE,FALSE
2011,Mexico,2.317,FALSE,FALSE
2012,Mexico,2.294,FALSE,FALSE
2013,Mexico,2.27,FALSE,FALSE
2014,Mexico,2.243,FALSE,FALSE
2015,Mexico,2.215,FALSE,FALSE
2016,Mexico,2.186,FALSE,FALSE
2017,Mexico,2.157,FALSE,FALSE
2018,Mexico,2.129,FALSE,FALSE
2019,Mexico,2.103,FALSE,FALSE
1960,Japan,2.001,FALSE,FALSE
1961,Japan,2.05,FALSE,FALSE
1962,Japan,2.01,FALSE,FALSE
1963,Japan,2.02,FALSE,FALSE
1964,Japan,2.05,FALSE,FALSE
1965,Japan,2.139,FALSE,FALSE
1966,Japan,1.58,FALSE,FALSE
1967,Japan,2.02,FALSE,FALSE
1968,Japan,2.13,FALSE,FALSE
1969,Japan,2.13,FALSE,FALSE
1970,Japan,2.135,FALSE,FALSE
1971,Japan,2.16,FALSE,FALSE
1972,Japan,2.14,FALSE,FALSE
1973,Japan,2.14,FALSE,FALSE
1974,Japan,2.05,FALSE,FALSE
1975,Japan,1.909,FALSE,FALSE
1976,Japan,1.85,FALSE,FALSE
1977,Japan,1.8,FALSE,FALSE
1978,Japan,1.79,FALSE,FALSE
1979,Japan,1.77,FALSE,FALSE
1980,Japan,1.75,FALSE,FALSE
1981,Japan,1.74,FALSE,FALSE
1982,Japan,1.77,FALSE,FALSE
1983,Japan,1.8,FALSE,FALSE
1984,Japan,1.81,FALSE,FALSE
1985,Japan,1.76,FALSE,FALSE
1986,Japan,1.72,FALSE,FALSE
1987,Japan,1.69,FALSE,FALSE
1988,Japan,1.66,FALSE,FALSE
1989,Japan,1.57,FALSE,FALSE
1990,Japan,1.54,FALSE,FALSE
1991,Japan,1.53,FALSE,FALSE
1992,Japan,1.502,FALSE,FALSE
1993,Japan,1.458,FALSE,FALSE
1994,Japan,1.5,FALSE,FALSE
1995,Japan,1.422,FALSE,FALSE
1996,Japan,1.425,FALSE,FALSE
1997,Japan,1.388,FALSE,FALSE
1998,Japan,1.384,FALSE,FALSE
1999,Japan,1.342,FALSE,FALSE
2000,Japan,1.359,FALSE,FALSE
2001,Japan,1.33,FALSE,FALSE
2002,Japan,1.32,FALSE,FALSE
2003,Japan,1.29,FALSE,FALSE
2004,Japan,1.29,FALSE,FALSE
2005,Japan,1.26,FALSE,FALSE
2006,Japan,1.32,FALSE,FALSE
2007,Japan,1.34,FALSE,FALSE
2008,Japan,1.37,FALSE,FALSE
2009,Japan,1.37,FALSE,FALSE
2010,Japan,1.39,FALSE,FALSE
2011,Japan,1.39,FALSE,FALSE
2012,Japan,1.41,FALSE,FALSE
2013,Japan,1.43,FALSE,FALSE
2014,Japan,1.42,FALSE,FALSE
2015,Japan,1.45,FALSE,FALSE
2016,Japan,1.44,FALSE,FALSE
2017,Japan,1.43,FALSE,FALSE
2018,Japan,1.42,FALSE,FALSE
2019,Japan,1.36,FALSE,FALSE
1960,Ethiopia,6.88,FALSE,FALSE
1961,Ethiopia,6.877,FALSE,FALSE
1962,Ethiopia,6.875,FALSE,FALSE
1963,Ethiopia,6.872,FALSE,FALSE
1964,Ethiopia,6.867,FALSE,FALSE
1965,Ethiopia,6.864,FALSE,FALSE
1966,Ethiopia,6.867,FALSE,FALSE
1967,Ethiopia,6.88,FALSE,FALSE
1968,Ethiopia,6.903,FALSE,FALSE
1969,Ethiopia,6.937,FALSE,FALSE
1970,Ethiopia,6.978,FALSE,FALSE
1971,Ethiopia,7.02,FALSE,FALSE
1972,Ethiopia,7.06,FALSE,FALSE
1973,Ethiopia,7.094,FALSE,FALSE
1974,Ethiopia,7.121,FALSE,FALSE
1975,Ethiopia,7.143,FALSE,FALSE
1976,Ethiopia,7.167,FALSE,FALSE
1977,Ethiopia,7.195,FALSE,FALSE
1978,Ethiopia,7.23,FALSE,FALSE
1979,Ethiopia,7.271,FALSE,FALSE
1980,Ethiopia,7.316,FALSE,FALSE
1981,Ethiopia,7.36,FALSE,FALSE
1982,Ethiopia,7.397,FALSE,FALSE
1983,Ethiopia,7.424,FALSE,FALSE
1984,Ethiopia,7.437,FALSE,FALSE
1985,Ethiopia,7.435,FALSE,FALSE
1986,Ethiopia,7.418,FALSE,FALSE
1987,Ethiopia,7.387,FALSE,FALSE
1988,Ethiopia,7.347,FALSE,FALSE
1989,Ethiopia,7.298,FALSE,FALSE
1990,Ethiopia,7.246,FALSE,FALSE
1991,Ethiopia,7.193,FALSE,FALSE
1992,Ethiopia,7.141,FALSE,FALSE
1993,Ethiopia,7.092,FALSE,FALSE
1994,Ethiopia,7.043,FALSE,FALSE
1995,Ethiopia,6.991,FALSE,FALSE
1996,Ethiopia,6.931,FALSE,FALSE
1997,Ethiopia,6.858,FALSE,FALSE
1998,Ethiopia,6.769,FALSE,FALSE
1999,Ethiopia,6.664,FALSE,FALSE
2000,Ethiopia,6.543,FALSE,FALSE
2001,Ethiopia,6.407,FALSE,FALSE
2002,Ethiopia,6.262,FALSE,FALSE
2003,Ethiopia,6.112,FALSE,FALSE
2004,Ethiopia,5.961,FALSE,FALSE
2005,Ethiopia,5.812,FALSE,FALSE
2006,Ethiopia,5.667,FALSE,FALSE
2007,Ethiopia,5.526,FALSE,FALSE
2008,Ethiopia,5.39,FALSE,FALSE
2009,Ethiopia,5.26,FALSE,FALSE
2010,Ethiopia,5.136,FALSE,FALSE
2011,Ethiopia,5.017,FALSE,FALSE
2012,Ethiopia,4.901,FALSE,FALSE
2013,Ethiopia,4.787,FALSE,FALSE
2014,Ethiopia,4.675,FALSE,FALSE
2015,Ethiopia,4.565,FALSE,FALSE
2016,Ethiopia,4.456,FALSE,FALSE
2017,Ethiopia,4.35,FALSE,FALSE
2018,Ethiopia,4.247,FALSE,FALSE
2019,Ethiopia,4.146,FALSE,FALSE
1960,Philippines,7.148,FALSE,FALSE
1961,Philippines,7.087,FALSE,FALSE
1962,Philippines,7.02,FALSE,FALSE
1963,Philippines,6.947,FALSE,FALSE
1964,Philippines,6.867,FALSE,FALSE
1965,Philippines,6.781,FALSE,FALSE
1966,Philippines,6.689,FALSE,FALSE
1967,Philippines,6.589,FALSE,FALSE
1968,Philippines,6.485,FALSE,FALSE
1969,Philippines,6.376,FALSE,FALSE
1970,Philippines,6.264,FALSE,FALSE
1971,Philippines,6.152,FALSE,FALSE
1972,Philippines,6.041,FALSE,FALSE
1973,Philippines,5.931,FALSE,FALSE
1974,Philippines,5.824,FALSE,FALSE
1975,Philippines,5.718,FALSE,FALSE
1976,Philippines,5.613,FALSE,FALSE
1977,Philippines,5.506,FALSE,FALSE
1978,Philippines,5.399,FALSE,FALSE
1979,Philippines,5.29,FALSE,FALSE
1980,Philippines,5.183,FALSE,FALSE
1981,Philippines,5.078,FALSE,FALSE
1982,Philippines,4.978,FALSE,FALSE
1983,Philippines,4.883,FALSE,FALSE
1984,Philippines,4.795,FALSE,FALSE
1985,Philippines,4.712,FALSE,FALSE
1986,Philippines,4.632,FALSE,FALSE
1987,Philippines,4.554,FALSE,FALSE
1988,Philippines,4.476,FALSE,FALSE
1989,Philippines,4.397,FALSE,FALSE
1990,Philippines,4.32,FALSE,FALSE
1991,Philippines,4.246,FALSE,FALSE
1992,Philippines,4.177,FALSE,FALSE
1993,Philippines,4.113,FALSE,FALSE
1994,Philippines,4.056,FALSE,FALSE
1995,Philippines,4.005,FALSE,FALSE
1996,Philippines,3.961,FALSE,FALSE
1997,Philippines,3.922,FALSE,FALSE
1998,Philippines,3.886,FALSE,FALSE
1999,Philippines,3.85,FALSE,FALSE
2000,Philippines,3.811,FALSE,FALSE
2001,Philippines,3.766,FALSE,FALSE
2002,Philippines,3.712,FALSE,FALSE
2003,Philippines,3.65,FALSE,FALSE
2004,Philippines,3.579,FALSE,FALSE
2005,Philippines,3.504,FALSE,FALSE
2006,Philippines,3.429,FALSE,FALSE
2007,Philippines,3.359,FALSE,FALSE
2008,Philippines,3.294,FALSE,FALSE
2009,Philippines,3.236,FALSE,FALSE
2010,Philippines,3.18,FALSE,FALSE
2011,Philippines,3.121,FALSE,FALSE
2012,Philippines,3.055,FALSE,FALSE
2013,Philippines,2.979,FALSE,FALSE
2014,Philippines,2.894,FALSE,FALSE
2015,Philippines,2.805,FALSE,FALSE
2016,Philippines,2.718,FALSE,FALSE
2017,Philippines,2.64,FALSE,FALSE
2018,Philippines,2.576,FALSE,FALSE
2019,Philippines,2.526,FALSE,FALSE
1960,"Egypt, Arab Rep.",6.716,FALSE,FALSE
1961,"Egypt, Arab Rep.",6.696,FALSE,FALSE
1962,"Egypt, Arab Rep.",6.673,FALSE,FALSE
1963,"Egypt, Arab Rep.",6.646,FALSE,FALSE
1964,"Egypt, Arab Rep.",6.615,FALSE,FALSE
1965,"Egypt, Arab Rep.",6.577,FALSE,FALSE
1966,"Egypt, Arab Rep.",6.529,FALSE,FALSE
1967,"Egypt, Arab Rep.",6.469,FALSE,FALSE
1968,"Egypt, Arab Rep.",6.399,FALSE,FALSE
1969,"Egypt, Arab Rep.",6.319,FALSE,FALSE
1970,"Egypt, Arab Rep.",6.233,FALSE,FALSE
1971,"Egypt, Arab Rep.",6.144,FALSE,FALSE
1972,"Egypt, Arab Rep.",6.056,FALSE,FALSE
1973,"Egypt, Arab Rep.",5.974,FALSE,FALSE
1974,"Egypt, Arab Rep.",5.899,FALSE,FALSE
1975,"Egypt, Arab Rep.",5.833,FALSE,FALSE
1976,"Egypt, Arab Rep.",5.778,FALSE,FALSE
1977,"Egypt, Arab Rep.",5.731,FALSE,FALSE
1978,"Egypt, Arab Rep.",5.69,FALSE,FALSE
1979,"Egypt, Arab Rep.",5.65,FALSE,FALSE
1980,"Egypt, Arab Rep.",5.61,FALSE,FALSE
1981,"Egypt, Arab Rep.",5.567,FALSE,FALSE
1982,"Egypt, Arab Rep.",5.516,FALSE,FALSE
1983,"Egypt, Arab Rep.",5.456,FALSE,FALSE
1984,"Egypt, Arab Rep.",5.383,FALSE,FALSE
1985,"Egypt, Arab Rep.",5.293,FALSE,FALSE
1986,"Egypt, Arab Rep.",5.182,FALSE,FALSE
1987,"Egypt, Arab Rep.",5.052,FALSE,FALSE
1988,"Egypt, Arab Rep.",4.906,FALSE,FALSE
1989,"Egypt, Arab Rep.",4.747,FALSE,FALSE
1990,"Egypt, Arab Rep.",4.58,FALSE,FALSE
1991,"Egypt, Arab Rep.",4.413,FALSE,FALSE
1992,"Egypt, Arab Rep.",4.253,FALSE,FALSE
1993,"Egypt, Arab Rep.",4.103,FALSE,FALSE
1994,"Egypt, Arab Rep.",3.967,FALSE,FALSE
1995,"Egypt, Arab Rep.",3.844,FALSE,FALSE
1996,"Egypt, Arab Rep.",3.733,FALSE,FALSE
1997,"Egypt, Arab Rep.",3.629,FALSE,FALSE
1998,"Egypt, Arab Rep.",3.529,FALSE,FALSE
1999,"Egypt, Arab Rep.",3.432,FALSE,FALSE
2000,"Egypt, Arab Rep.",3.34,FALSE,FALSE
2001,"Egypt, Arab Rep.",3.253,FALSE,FALSE
2002,"Egypt, Arab Rep.",3.173,FALSE,FALSE
2003,"Egypt, Arab Rep.",3.106,FALSE,FALSE
2004,"Egypt, Arab Rep.",3.052,FALSE,FALSE
2005,"Egypt, Arab Rep.",3.019,FALSE,FALSE
2006,"Egypt, Arab Rep.",3.013,FALSE,FALSE
2007,"Egypt, Arab Rep.",3.037,FALSE,FALSE
2008,"Egypt, Arab Rep.",3.085,FALSE,FALSE
2009,"Egypt, Arab Rep.",3.154,FALSE,FALSE
2010,"Egypt, Arab Rep.",3.233,FALSE,FALSE
2011,"Egypt, Arab Rep.",3.311,FALSE,FALSE
2012,"Egypt, Arab Rep.",3.377,FALSE,FALSE
2013,"Egypt, Arab Rep.",3.421,FALSE,FALSE
2014,"Egypt, Arab Rep.",3.441,FALSE,FALSE
2015,"Egypt, Arab Rep.",3.436,FALSE,FALSE
2016,"Egypt, Arab Rep.",3.41,FALSE,FALSE
2017,"Egypt, Arab Rep.",3.37,FALSE,FALSE
2018,"Egypt, Arab Rep.",3.326,FALSE,FALSE
2019,"Egypt, Arab Rep.",3.28,FALSE,FALSE